created_date,water_pH,TDS,water_temp
2023-01-26 10:00:00,7.31,265.05,23.73
2023-01-26 11:00:00,7.6,248.5,24.03
2023-01-26 12:00:00,7.19,276.89,24.34
2023-01-26 13:00:00,7.8,308.59,24.58
2023-01-26 14:00:00,7.35,282.27,25.06
2023-01-26 15:00:00,7.27,288.63,25.2
2023-01-26 16:00:00,7.29,299.01,25.34
2023-01-26 17:00:00,7.26,304.57,25.38
2023-01-26 18:00:00,7.29,314.11,25.38
2023-01-26 19:00:00,7.29,301.18,25.36
2023-01-26 20:00:00,7.26,302.45,25.29
2023-01-26 21:00:00,7.31,309.06,25.19
2023-01-26 22:00:00,7.29,303.62,25.09
2023-01-26 23:00:00,7.29,300.57,24.98
2023-01-27 00:00:00,7.33,307.46,24.86
2023-01-27 01:00:00,7.27,297.94,24.76
2023-01-27 02:00:00,7.11,301.91,24.66
2023-01-27 03:00:00,6.94,301.18,24.55
2023-01-27 04:00:00,7.25,302.54,24.44
2023-01-27 05:00:00,7.31,296.94,24.34
2023-01-27 06:00:00,7.32,294.75,24.24
2023-01-27 07:00:00,7.32,294.61,24.18
2023-01-27 08:00:00,7.37,291.49,24.16
2023-01-27 09:00:00,7.17,297.15,24.22
2023-01-27 10:00:00,7.52,276.5,24.56
2023-01-27 11:00:00,6.56,267.0,24.84
2023-01-27 12:00:00,6.885,265.95,25.11
2023-01-27 13:00:00,7.21,264.9,25.38
2023-01-27 14:00:00,7.46,269.0,25.47
2023-01-27 15:00:00,7.359999999999999,272.22,25.515
2023-01-27 16:00:00,7.26,275.44,25.56
2023-01-27 17:00:00,7.17,301.475,25.53
2023-01-27 18:00:00,7.08,327.51,25.5
2023-01-27 19:00:00,7.39,370.44,25.41
2023-01-27 20:00:00,6.765,327.12,25.3
2023-01-27 21:00:00,6.14,283.8,25.19
2023-01-27 22:00:00,6.26,296.95,25.14
2023-01-27 23:00:00,8.07,311.15,25.09
2023-01-28 00:00:00,8.05,290.07,25.01
2023-01-28 01:00:00,7.63,313.6,24.94
2023-01-28 02:00:00,6.61,327.82,24.84
2023-01-28 03:00:00,6.81,322.97,24.75
2023-01-28 04:00:00,5.9,305.9,24.65
2023-01-28 05:00:00,6.15,306.93,24.58
2023-01-28 06:00:00,6.27,322.95,24.51
2023-01-28 07:00:00,7.16,317.44,24.45
2023-01-28 08:00:00,7.3,302.93,24.44
2023-01-28 09:00:00,7.51,307.3,24.42
2023-01-28 10:00:00,7.471136363636363,306.9068181818182,24.39772727272728
2023-01-28 11:00:00,7.432272727272727,306.51363636363635,24.37545454545455
2023-01-28 12:00:00,7.393409090909091,306.1204545454545,24.35318181818182
2023-01-28 13:00:00,7.3545454545454545,305.72727272727275,24.33090909090909
2023-01-28 14:00:00,7.315681818181818,305.33409090909095,24.308636363636364
2023-01-28 15:00:00,7.276818181818181,304.9409090909091,24.28636363636364
2023-01-28 16:00:00,7.237954545454545,304.5477272727273,24.26409090909091
2023-01-28 17:00:00,7.199090909090909,304.1545454545455,24.241818181818186
2023-01-28 18:00:00,7.160227272727273,303.7613636363636,24.219545454545457
2023-01-28 19:00:00,7.121363636363636,303.3681818181818,24.19727272727273
2023-01-28 20:00:00,7.0825,302.975,24.175
2023-01-28 21:00:00,7.043636363636363,302.58181818181816,24.15272727272728
2023-01-28 22:00:00,7.004772727272727,302.1886363636364,24.130454545454548
2023-01-28 23:00:00,6.965909090909091,301.79545454545456,24.10818181818182
2023-01-29 00:00:00,6.927045454545454,301.4022727272728,24.08590909090909
2023-01-29 01:00:00,6.888181818181818,301.0090909090909,24.06363636363637
2023-01-29 02:00:00,6.849318181818182,300.6159090909091,24.04136363636364
2023-01-29 03:00:00,6.8104545454545455,300.2227272727273,24.01909090909091
2023-01-29 04:00:00,6.771590909090909,299.82954545454544,23.996818181818185
2023-01-29 05:00:00,6.732727272727272,299.43636363636364,23.974545454545456
2023-01-29 06:00:00,6.693863636363636,299.04318181818184,23.952272727272728
2023-01-29 07:00:00,6.654999999999999,298.65,23.93
2023-01-29 08:00:00,6.616136363636364,298.2568181818182,23.907727272727275
2023-01-29 09:00:00,6.577272727272727,297.8636363636364,23.885454545454547
2023-01-29 10:00:00,6.538409090909091,297.4704545454546,23.86318181818182
2023-01-29 11:00:00,6.499545454545454,297.0772727272727,23.840909090909093
2023-01-29 12:00:00,6.460681818181818,296.6840909090909,23.818636363636365
2023-01-29 13:00:00,6.421818181818182,296.2909090909091,23.79636363636364
2023-01-29 14:00:00,6.382954545454545,295.89772727272725,23.774090909090912
2023-01-29 15:00:00,6.344090909090909,295.50454545454545,23.751818181818184
2023-01-29 16:00:00,6.305227272727272,295.11136363636365,23.72954545454545
2023-01-29 17:00:00,6.266363636363636,294.71818181818185,23.707272727272727
2023-01-29 18:00:00,6.2275,294.325,23.685
2023-01-29 19:00:00,6.188636363636364,293.9318181818182,23.66272727272728
2023-01-29 20:00:00,6.149772727272727,293.5386363636364,23.640454545454546
2023-01-29 21:00:00,6.11090909090909,293.1454545454545,23.61818181818182
2023-01-29 22:00:00,6.072045454545455,292.7522727272727,23.59590909090909
2023-01-29 23:00:00,6.033181818181818,292.3590909090909,23.573636363636364
2023-01-30 00:00:00,5.994318181818182,291.96590909090907,23.55136363636364
2023-01-30 01:00:00,5.955454545454545,291.57272727272726,23.52909090909091
2023-01-30 02:00:00,5.916590909090909,291.17954545454546,23.506818181818183
2023-01-30 03:00:00,5.877727272727272,290.78636363636366,23.48454545454545
2023-01-30 04:00:00,5.838863636363636,290.3931818181818,23.46227272727273
2023-01-30 05:00:00,5.8,290.0,23.44
2023-01-30 06:00:00,5.66,310.71,23.38
2023-01-30 07:00:00,5.85,299.69,23.37
2023-01-30 08:00:00,6.0,295.75,23.36
2023-01-30 09:00:00,6.04,299.31,23.43
2023-01-30 10:00:00,6.18,302.42,23.56
2023-01-30 11:00:00,6.22,299.67,23.77
2023-01-30 12:00:00,6.25,324.09,23.99
2023-01-30 13:00:00,6.29,289.03,24.16
2023-01-30 14:00:00,6.5,350.82,24.4
2023-01-30 15:00:00,6.31,329.51,24.63
2023-01-30 16:00:00,6.2,317.3,24.77
2023-01-30 17:00:00,6.37,316.05,24.87
2023-01-30 18:00:00,6.34,310.74,24.89
2023-01-30 19:00:00,6.38,315.06,24.91
2023-01-30 20:00:00,6.39,312.63,24.89
2023-01-30 21:00:00,6.38,311.04,24.88
2023-01-30 22:00:00,6.39,313.85,24.82
2023-01-30 23:00:00,6.44,305.99,24.77
2023-01-31 00:00:00,6.46,311.18,24.72
2023-01-31 01:00:00,6.51,309.34,24.66
2023-01-31 02:00:00,6.54,308.96,24.59
2023-01-31 03:00:00,6.58,306.58,24.53
2023-01-31 04:00:00,6.69,305.36,24.45
2023-01-31 05:00:00,6.75,308.93,24.35
2023-01-31 06:00:00,6.78,303.46,24.26
2023-01-31 07:00:00,6.79,306.97,24.19
2023-01-31 08:00:00,6.86,312.81,24.22
2023-01-31 09:00:00,6.88,330.49,24.3
2023-01-31 10:00:00,6.73,294.06,24.45
2023-01-31 11:00:00,6.86,332.43,24.58
2023-01-31 12:00:00,6.86,330.5,24.83
2023-01-31 13:00:00,6.79,338.05,25.05
2023-01-31 14:00:00,6.74,330.96,25.25
2023-01-31 15:00:00,6.67,335.82,25.4
2023-01-31 16:00:00,6.5,325.55,25.52
2023-01-31 17:00:00,6.46,327.54,25.56
2023-01-31 18:00:00,6.46,321.61,25.55
2023-01-31 19:00:00,6.47,326.37,25.51
2023-01-31 20:00:00,6.55,327.07,25.45
2023-01-31 21:00:00,6.69,328.66,25.4
2023-01-31 22:00:00,6.78,324.8,25.32
2023-01-31 23:00:00,6.81,330.11,25.23
2023-02-01 00:00:00,6.83,324.85,25.12
2023-02-01 01:00:00,6.86,326.9,25.0
2023-02-01 02:00:00,6.85,327.31,24.87
2023-02-01 03:00:00,6.87,319.33,24.7
2023-02-01 04:00:00,6.87,317.37,24.55
2023-02-01 05:00:00,6.87,316.93,24.45
2023-02-01 06:00:00,6.8,313.86,24.35
2023-02-01 07:00:00,6.79,312.27,24.28
2023-02-01 08:00:00,6.66,314.39,24.25
2023-02-01 09:00:00,6.73,320.86,24.26
2023-02-01 10:00:00,6.55,314.64,24.38
2023-02-01 11:00:00,6.48,312.74,24.55
2023-02-01 12:00:00,6.45,331.05,24.76
2023-02-01 13:00:00,6.39,344.4,24.91
2023-02-01 14:00:00,6.27,334.81,25.07
2023-02-01 15:00:00,6.22,347.52,25.21
2023-02-01 16:00:00,6.31,343.28,25.16
2023-02-01 17:00:00,6.66,329.15,25.03
2023-02-01 18:00:00,7.13,331.8,24.97
2023-02-01 19:00:00,7.52,334.69,24.91
2023-02-01 20:00:00,7.83,320.02,24.83
2023-02-01 21:00:00,8.08,327.38,24.73
2023-02-01 22:00:00,8.25,323.56,24.66
2023-02-01 23:00:00,8.46,319.53,24.58
2023-02-02 00:00:00,8.61,325.38,24.47
2023-02-02 01:00:00,8.8,318.73,24.36
2023-02-02 02:00:00,8.94,320.07,24.22
2023-02-02 03:00:00,9.11,315.92,24.08
2023-02-02 04:00:00,9.25,317.67,23.95
2023-02-02 05:00:00,9.36,315.01,23.83
2023-02-02 06:00:00,9.45,313.15,23.72
2023-02-02 07:00:00,9.48,314.14,23.69
2023-02-02 08:00:00,9.41,308.62,23.71
2023-02-02 09:00:00,9.27,312.01,23.89
2023-02-02 10:00:00,9.1,303.84,24.01
2023-02-02 11:00:00,9.11,324.43,24.22
2023-02-02 12:00:00,9.23,326.49,24.48
2023-02-02 13:00:00,9.04,330.53,24.69
2023-02-02 14:00:00,9.03,339.19,24.83
2023-02-02 15:00:00,9.09,330.0,24.95
2023-02-02 16:00:00,9.09,334.41,25.02
2023-02-02 17:00:00,9.07,343.2,25.05
2023-02-02 18:00:00,8.92,340.2,25.04
2023-02-02 19:00:00,8.74,333.75,25.0
2023-02-02 20:00:00,8.63,330.42,24.95
2023-02-02 21:00:00,8.52,335.02,24.89
2023-02-02 22:00:00,8.45,327.41,24.81
2023-02-02 23:00:00,8.33,326.76,24.72
2023-02-03 00:00:00,8.36,328.39,24.61
2023-02-03 01:00:00,8.78,328.59,24.48
2023-02-03 02:00:00,9.23,328.6,24.35
2023-02-03 03:00:00,9.54,329.66,24.24
2023-02-03 04:00:00,9.69,324.43,24.13
2023-02-03 05:00:00,9.72,327.05,24.0
2023-02-03 06:00:00,9.76,317.0,23.86
2023-02-03 07:00:00,9.66,304.82,23.76
2023-02-03 08:00:00,9.4,308.6,23.76
2023-02-03 09:00:00,8.82,309.48,23.85
2023-02-03 10:00:00,8.8,311.1,24.0
2023-02-03 11:00:00,9.02,315.94,24.14
2023-02-03 12:00:00,9.34,317.47,24.26
2023-02-03 13:00:00,9.2,317.77,24.4
2023-02-03 14:00:00,8.99,334.3,24.57
2023-02-03 15:00:00,8.94,342.05,24.7
2023-02-03 16:00:00,8.82,351.49,24.75
2023-02-03 17:00:00,8.67,333.7,24.75
2023-02-03 18:00:00,8.65,332.24,24.71
2023-02-03 19:00:00,8.6,329.89,24.65
2023-02-03 20:00:00,8.58,329.83,24.57
2023-02-03 21:00:00,8.53,331.77,24.5
2023-02-03 22:00:00,8.45,339.74,24.42
2023-02-03 23:00:00,8.42,327.65,24.34
2023-02-04 00:00:00,8.41,323.41,24.23
2023-02-04 01:00:00,8.45,324.13,24.13
2023-02-04 02:00:00,8.51,322.02,24.02
2023-02-04 03:00:00,8.6,325.38,23.92
2023-02-04 04:00:00,8.6,325.03,23.82
2023-02-04 05:00:00,8.59,320.3,23.72
2023-02-04 06:00:00,8.62,319.47,23.64
2023-02-04 07:00:00,8.67,325.82,23.58
2023-02-04 08:00:00,8.64,326.12,23.55
2023-02-04 09:00:00,8.5,323.41,23.58
2023-02-04 10:00:00,8.35,327.64,23.68
2023-02-04 11:00:00,8.22,321.68,23.89
2023-02-04 12:00:00,8.08,331.95,24.11
2023-02-04 13:00:00,8.13,338.94,24.34
2023-02-04 14:00:00,7.93,345.1,24.53
2023-02-04 15:00:00,7.92,349.11,24.61
2023-02-04 16:00:00,7.72,337.43,24.67
2023-02-04 17:00:00,7.65,343.89,24.7
2023-02-04 18:00:00,7.58,344.67,24.69
2023-02-04 19:00:00,7.57,343.22,24.65
2023-02-04 20:00:00,7.53,342.1,24.6
2023-02-04 21:00:00,7.53,340.27,24.56
2023-02-04 22:00:00,7.52,335.75,24.52
2023-02-04 23:00:00,7.51,336.72,24.42
2023-02-05 00:00:00,7.51,335.2,24.3
2023-02-05 01:00:00,7.48,331.3,24.2
2023-02-05 02:00:00,8.11,332.11,24.06
2023-02-05 03:00:00,7.8,332.62,23.94
2023-02-05 04:00:00,7.22,333.6,23.79
2023-02-05 05:00:00,7.29,329.21,23.68
2023-02-05 06:00:00,7.37,325.16,23.6
2023-02-05 07:00:00,7.38,326.24,23.54
2023-02-05 08:00:00,7.16,327.64,23.54
2023-02-05 09:00:00,7.03,329.31,23.68
2023-02-05 10:00:00,6.9,335.22,23.9
2023-02-05 11:00:00,6.8,336.25,24.27
2023-02-05 12:00:00,6.64,344.56,24.53
2023-02-05 13:00:00,6.48,356.17,24.74
2023-02-05 14:00:00,6.39,346.84,24.91
2023-02-05 15:00:00,6.36,349.31,25.03
2023-02-05 16:00:00,6.31,339.31,25.06
2023-02-05 17:00:00,6.35,344.84,24.99
2023-02-05 18:00:00,6.3,349.21,24.9
2023-02-05 19:00:00,6.31,348.28,24.79
2023-02-05 20:00:00,6.32,349.43,24.69
2023-02-05 21:00:00,6.36,346.6,24.58
2023-02-05 22:00:00,6.36,343.54,24.5
2023-02-05 23:00:00,6.37,345.89,24.43
2023-02-06 00:00:00,6.36,349.74,24.35
2023-02-06 01:00:00,6.38,346.24,24.28
2023-02-06 02:00:00,6.4,344.74,24.21
2023-02-06 03:00:00,6.37,341.07,24.14
2023-02-06 04:00:00,6.34,337.95,24.07
2023-02-06 05:00:00,6.37,338.26,24.0
2023-02-06 06:00:00,6.39,339.72,23.92
2023-02-06 07:00:00,6.36,334.69,23.87
2023-02-06 08:00:00,6.37,340.77,23.89
2023-02-06 09:00:00,6.31,343.94,24.05
2023-02-06 10:00:00,6.3,341.78,24.2
2023-02-06 11:00:00,6.24,349.7,24.38
2023-02-06 12:00:00,6.15,344.81,24.46
2023-02-06 13:00:00,6.45,369.05,24.65
2023-02-06 14:00:00,6.48,393.43,24.88
2023-02-06 15:00:00,6.67,354.38,25.06
2023-02-06 16:00:00,6.67,370.97,25.19
2023-02-06 17:00:00,6.91,381.38,25.25
2023-02-06 18:00:00,7.08,372.43,25.25
2023-02-06 19:00:00,7.13,362.53,25.24
2023-02-06 20:00:00,7.27,362.41,25.19
2023-02-06 21:00:00,7.4,351.39,25.16
2023-02-06 22:00:00,7.52,353.12,25.09
2023-02-06 23:00:00,7.64,361.62,25.01
2023-02-07 00:00:00,7.77,355.53,24.92
2023-02-07 01:00:00,7.89,355.81,24.82
2023-02-07 02:00:00,8.02,349.39,24.68
2023-02-07 03:00:00,8.19,353.12,24.53
2023-02-07 04:00:00,8.34,348.22,24.4
2023-02-07 05:00:00,8.39,347.34,24.29
2023-02-07 06:00:00,8.42,341.56,24.2
2023-02-07 07:00:00,8.4,344.04,24.2
2023-02-07 08:00:00,8.35,345.84,24.32
2023-02-07 09:00:00,8.45,347.88,24.57
2023-02-07 10:00:00,8.39,369.15,24.95
2023-02-07 11:00:00,8.33,374.88,25.27
2023-02-07 12:00:00,8.27,367.08,25.53
2023-02-07 13:00:00,8.14,388.08,25.83
2023-02-07 14:00:00,7.88,392.78,26.02
2023-02-07 15:00:00,7.95,402.3,26.06
2023-02-07 16:00:00,7.89,395.25,26.12
2023-02-07 17:00:00,7.72,407.06,26.13
2023-02-07 18:00:00,7.56,394.5,26.07
2023-02-07 19:00:00,7.52,366.81,26.04
2023-02-07 20:00:00,7.55,379.26,25.95
2023-02-07 21:00:00,7.46,373.51,25.84
2023-02-07 22:00:00,7.48,371.83,25.74
2023-02-07 23:00:00,7.51,372.37,25.63
2023-02-08 00:00:00,7.56,373.19,25.51
2023-02-08 01:00:00,7.6,364.38,25.39
2023-02-08 02:00:00,7.63,363.14,25.26
2023-02-08 03:00:00,7.7,358.6,25.13
2023-02-08 04:00:00,7.75,360.28,25.01
2023-02-08 05:00:00,7.72,351.86,24.92
2023-02-08 06:00:00,7.66,352.44,24.8
2023-02-08 07:00:00,7.63,349.51,24.75
2023-02-08 08:00:00,7.46,373.73,24.81
2023-02-08 09:00:00,7.2,351.81,24.9
2023-02-08 10:00:00,7.131428571428572,350.2657142857143,25.048571428571428
2023-02-08 11:00:00,7.062857142857143,348.7214285714286,25.197142857142858
2023-02-08 12:00:00,6.994285714285715,347.1771428571429,25.345714285714287
2023-02-08 13:00:00,6.925714285714285,345.6328571428571,25.49428571428572
2023-02-08 14:00:00,6.857142857142857,344.0885714285714,25.642857142857142
2023-02-08 15:00:00,6.788571428571428,342.5442857142857,25.79142857142857
2023-02-08 16:00:00,6.72,341.0,25.94
2023-02-08 17:00:00,6.92,340.29,25.94
2023-02-08 18:00:00,6.77,351.9066666666667,25.85666666666667
2023-02-08 19:00:00,6.62,363.5233333333333,25.773333333333333
2023-02-08 20:00:00,6.47,375.14,25.69
2023-02-08 21:00:00,6.77,364.8,25.58
2023-02-08 22:00:00,6.59,362.58,25.45
2023-02-08 23:00:00,6.55,361.89,25.32
2023-02-09 00:00:00,6.64,356.32,25.19
2023-02-09 01:00:00,6.77,373.21,25.03
2023-02-09 02:00:00,6.82,360.85,24.89
2023-02-09 03:00:00,6.69,367.43,24.74
2023-02-09 04:00:00,6.74,369.02,24.58
2023-02-09 05:00:00,7.58,359.3,24.44
2023-02-09 06:00:00,10.21,368.43,24.34
2023-02-09 07:00:00,10.58,347.26,24.31
2023-02-09 08:00:00,8.42,349.7,24.35
2023-02-09 09:00:00,6.92,339.62,24.48
2023-02-09 10:00:00,7.35,340.0,24.6
2023-02-09 11:00:00,7.49,339.0,24.65
2023-02-09 12:00:00,7.45,339.36,24.7025
2023-02-09 13:00:00,7.41,339.72,24.755
2023-02-09 14:00:00,7.37,340.08,24.8075
2023-02-09 15:00:00,7.33,340.44,24.86
2023-02-09 16:00:00,7.66,341.67,24.88
2023-02-09 17:00:00,7.683333333333334,342.61333333333334,24.746666666666663
2023-02-09 18:00:00,7.706666666666667,343.5566666666667,24.613333333333333
2023-02-09 19:00:00,7.73,344.5,24.48
2023-02-09 20:00:00,7.66,359.62,24.27
2023-02-09 21:00:00,7.76,368.86,24.13
2023-02-09 22:00:00,8.01,363.46,23.96
2023-02-09 23:00:00,8.07,362.98,23.82
2023-02-10 00:00:00,8.2,360.6,23.68
2023-02-10 01:00:00,8.35,355.65,23.52
2023-02-10 02:00:00,8.48,356.36,23.38
2023-02-10 03:00:00,8.63,354.86,23.27
2023-02-10 04:00:00,8.69,354.19,23.18
2023-02-10 05:00:00,8.85,355.74,23.11
2023-02-10 06:00:00,8.83,354.13,23.05
2023-02-10 07:00:00,8.88,352.31,23.05
2023-02-10 08:00:00,8.89,356.31,23.22
2023-02-10 09:00:00,8.88,341.8,23.44
2023-02-10 10:00:00,9.47,494.25,23.76
2023-02-10 11:00:00,9.253333333333334,444.8933333333333,24.023333333333333
2023-02-10 12:00:00,9.036666666666669,395.5366666666667,24.28666666666667
2023-02-10 13:00:00,8.82,346.18,24.55
2023-02-10 14:00:00,8.69,382.99,24.62
2023-02-10 15:00:00,8.63,389.34,24.68
2023-02-10 16:00:00,8.62,379.85,24.74
2023-02-10 17:00:00,8.55,386.15,24.62
2023-02-10 18:00:00,8.64,376.64,24.52
2023-02-10 19:00:00,8.75,368.69,24.46
2023-02-10 20:00:00,8.83,368.8,24.4
2023-02-10 21:00:00,8.93,368.66,24.29
2023-02-10 22:00:00,9.07,369.87,24.17
2023-02-10 23:00:00,9.16,374.49,24.05
2023-02-11 00:00:00,9.26,367.97,23.94
2023-02-11 01:00:00,9.34,363.54,23.84
2023-02-11 02:00:00,9.41,362.85,23.73
2023-02-11 03:00:00,9.5,365.08,23.61
2023-02-11 04:00:00,9.65,368.12,23.49
2023-02-11 05:00:00,9.69,364.12,23.42
2023-02-11 06:00:00,9.72,364.6,23.32
2023-02-11 07:00:00,9.62,358.76,23.25
2023-02-11 08:00:00,9.52,357.67,23.29
2023-02-11 09:00:00,9.41,356.88,23.34
2023-02-11 10:00:00,9.18,356.79,23.41
2023-02-11 11:00:00,9.38,359.83,23.45
2023-02-11 12:00:00,9.3,363.91,23.46
2023-02-11 13:00:00,9.33,363.62,23.53
2023-02-11 14:00:00,9.25,365.45,23.63
2023-02-11 15:00:00,9.25,360.85,23.68
2023-02-11 16:00:00,9.1,364.13,23.74
2023-02-11 17:00:00,9.0,362.2,23.75
2023-02-11 18:00:00,8.84,368.77,23.72
2023-02-11 19:00:00,8.61,366.25,23.69
2023-02-11 20:00:00,8.48,370.81,23.64
2023-02-11 21:00:00,8.4,365.82,23.62
2023-02-11 22:00:00,8.29,363.32,23.56
2023-02-11 23:00:00,8.18,365.9,23.54
2023-02-12 00:00:00,8.02,368.65,23.5
2023-02-12 01:00:00,8.0,367.5,23.42
2023-02-12 02:00:00,7.99,364.17,23.33
2023-02-12 03:00:00,7.91,364.35,23.25
2023-02-12 04:00:00,7.77,368.41,23.18
2023-02-12 05:00:00,7.76,362.07,23.09
2023-02-12 06:00:00,7.73,362.07,22.97
2023-02-12 07:00:00,7.71,358.27,22.84
2023-02-12 08:00:00,7.68,347.8,22.73
2023-02-12 09:00:00,7.69,352.54,22.65
2023-02-12 10:00:00,7.79,344.23,22.57
2023-02-12 11:00:00,7.74,345.39,22.56
2023-02-12 12:00:00,7.75,351.64,22.56
2023-02-12 13:00:00,7.95,348.08,22.62
2023-02-12 14:00:00,8.14,349.65,22.69
2023-02-12 15:00:00,8.31,350.84,22.75
2023-02-12 16:00:00,8.29,348.62,22.78
2023-02-12 17:00:00,8.31,350.77,22.8
2023-02-12 18:00:00,8.36,348.35,22.75
2023-02-12 19:00:00,8.39,354.04,22.68
2023-02-12 20:00:00,8.39,353.12,22.59
2023-02-12 21:00:00,8.23,349.95,22.49
2023-02-12 22:00:00,7.99,348.67,22.41
2023-02-12 23:00:00,7.83,351.29,22.32
2023-02-13 00:00:00,7.76,349.09,22.25
2023-02-13 01:00:00,7.64,351.45,22.2
2023-02-13 02:00:00,7.46,350.32,22.14
2023-02-13 03:00:00,7.36,343.86,22.08
2023-02-13 04:00:00,7.2,347.82,22.04
2023-02-13 05:00:00,7.06,339.28,21.99
2023-02-13 06:00:00,7.0,342.69,21.94
2023-02-13 07:00:00,6.84,342.84,21.95
2023-02-13 08:00:00,6.77,341.57,22.05
2023-02-13 09:00:00,6.84,342.86,22.22
2023-02-13 10:00:00,6.84,350.09,22.47
2023-02-13 11:00:00,6.81,365.39,22.7
2023-02-13 12:00:00,6.73,358.13,22.94
2023-02-13 13:00:00,6.92,366.43,23.32
2023-02-13 14:00:00,7.25,379.21,23.58
2023-02-13 15:00:00,7.34,383.16,23.71
2023-02-13 16:00:00,7.81,378.54,23.75
2023-02-13 17:00:00,8.08,371.91,23.76
2023-02-13 18:00:00,8.3,370.3,23.75
2023-02-13 19:00:00,8.48,372.21,23.75
2023-02-13 20:00:00,8.6,370.02,23.71
2023-02-13 21:00:00,8.68,365.93,23.65
2023-02-13 22:00:00,8.82,369.79,23.59
2023-02-13 23:00:00,8.94,368.93,23.49
2023-02-14 00:00:00,9.11,364.42,23.39
2023-02-14 01:00:00,9.17,359.17,23.27
2023-02-14 02:00:00,9.2,364.03,23.16
2023-02-14 03:00:00,9.22,356.04,23.07
2023-02-14 04:00:00,9.26,358.28,22.99
2023-02-14 05:00:00,9.23,349.02,22.93
2023-02-14 06:00:00,9.17,344.76,22.85
2023-02-14 07:00:00,9.05,357.14,22.77
2023-02-14 08:00:00,8.73,350.96,22.74
2023-02-14 09:00:00,8.56,346.01,22.74
2023-02-14 10:00:00,8.39,350.16,22.85
2023-02-14 11:00:00,7.33,343.96,23.0
2023-02-14 12:00:00,7.9,365.36,23.14
2023-02-14 13:00:00,7.89,360.46,23.2
2023-02-14 14:00:00,7.62,396.04,23.33
2023-02-14 15:00:00,7.74,356.61,23.5
2023-02-14 16:00:00,7.98,363.47,23.6
2023-02-14 17:00:00,8.26,366.85,23.63
2023-02-14 18:00:00,8.45,365.87,23.63
2023-02-14 19:00:00,8.71,360.91,23.59
2023-02-14 20:00:00,8.9,367.18,23.55
2023-02-14 21:00:00,9.03,361.27,23.49
2023-02-14 22:00:00,9.24,359.82,23.4
2023-02-14 23:00:00,9.4,359.36,23.3
2023-02-15 00:00:00,9.5,361.96,23.21
2023-02-15 01:00:00,9.43,356.0,23.14
2023-02-15 02:00:00,9.54,357.49,23.05
2023-02-15 03:00:00,9.6,357.08,22.97
2023-02-15 04:00:00,9.56,356.7,22.91
2023-02-15 05:00:00,9.54,355.9,22.81
2023-02-15 06:00:00,9.53,352.59,22.75
2023-02-15 07:00:00,9.44,354.86,22.75
2023-02-15 08:00:00,9.25,354.1,22.83
2023-02-15 09:00:00,8.95,356.53,23.0
2023-02-15 10:00:00,8.79,377.27,23.31
2023-02-15 11:00:00,8.63,357.91,23.54
2023-02-15 12:00:00,8.36,374.77,23.83
2023-02-15 13:00:00,8.3,389.89,24.1
2023-02-15 14:00:00,8.25,409.6,24.24
2023-02-15 15:00:00,7.953333333333333,405.73333333333335,24.37333333333333
2023-02-15 16:00:00,7.656666666666667,401.8666666666667,24.506666666666668
2023-02-15 17:00:00,7.36,398.0,24.64
2023-02-15 18:00:00,7.63,411.61,24.62
2023-02-15 19:00:00,7.97,392.06,24.52
2023-02-15 20:00:00,8.2,382.51,24.34
2023-02-15 21:00:00,8.39,373.07,24.19
2023-02-15 22:00:00,8.4,386.28,24.02
2023-02-15 23:00:00,8.43,366.45,23.85
2023-02-16 00:00:00,8.54,378.59,23.7
2023-02-16 01:00:00,8.48,366.32,23.56
2023-02-16 02:00:00,8.62,363.2,23.44
2023-02-16 03:00:00,8.62,361.8,23.31
2023-02-16 04:00:00,8.77,360.39,23.17
2023-02-16 05:00:00,8.97,363.04,23.05
2023-02-16 06:00:00,9.17,356.98,22.96
2023-02-16 07:00:00,9.29,351.71,22.97
2023-02-16 08:00:00,9.19,365.45,23.12
2023-02-16 09:00:00,9.01,349.58,23.3
2023-02-16 10:00:00,9.88,338.0,23.38
2023-02-16 11:00:00,9.575,346.16125,23.495
2023-02-16 12:00:00,9.27,354.3225,23.61
2023-02-16 13:00:00,8.965,362.48375,23.725
2023-02-16 14:00:00,8.66,370.645,23.84
2023-02-16 15:00:00,8.355,378.80625,23.955
2023-02-16 16:00:00,8.05,386.9675,24.07
2023-02-16 17:00:00,7.745000000000001,395.12875,24.185
2023-02-16 18:00:00,7.44,403.29,24.3
2023-02-16 19:00:00,7.7,378.94,24.26
2023-02-16 20:00:00,7.25,351.64,24.22
2023-02-16 21:00:00,7.5,391.22,24.16
2023-02-16 22:00:00,7.27,387.41,24.07
2023-02-16 23:00:00,7.27,389.53,23.98
2023-02-17 00:00:00,7.15,374.36,23.91
2023-02-17 01:00:00,7.17,374.57,23.85
2023-02-17 02:00:00,7.02,365.2,23.78
2023-02-17 03:00:00,7.02,369.01,23.72
2023-02-17 04:00:00,6.93,372.94,23.65
2023-02-17 05:00:00,6.9,367.35,23.54
2023-02-17 06:00:00,6.85,379.57,23.47
2023-02-17 07:00:00,6.82,366.14,23.49
2023-02-17 08:00:00,6.76,378.31,23.52
2023-02-17 09:00:00,7.14,352.67,23.56
2023-02-17 10:00:00,6.83,363.365,23.78
2023-02-17 11:00:00,6.52,374.06,24.0
2023-02-17 12:00:00,6.52,375.06,24.04
2023-02-17 13:00:00,6.513333333333333,372.6233333333333,24.15833333333333
2023-02-17 14:00:00,6.506666666666667,370.18666666666667,24.276666666666667
2023-02-17 15:00:00,6.5,367.75,24.395
2023-02-17 16:00:00,6.493333333333333,365.3133333333333,24.51333333333333
2023-02-17 17:00:00,6.486666666666667,362.87666666666667,24.631666666666668
2023-02-17 18:00:00,6.48,360.44,24.75
2023-02-17 19:00:00,6.28,383.62,24.75
2023-02-17 20:00:00,6.47,377.94,24.75
2023-02-17 21:00:00,6.49,431.83,24.75
2023-02-17 22:00:00,6.51,387.16,24.73
2023-02-17 23:00:00,6.57,388.54,24.69
2023-02-18 00:00:00,6.57,415.3,24.66
2023-02-18 01:00:00,6.57,385.01,24.63
2023-02-18 02:00:00,6.56,388.44,24.58
2023-02-18 03:00:00,6.59,399.53,24.52
2023-02-18 04:00:00,6.62,385.01,24.46
2023-02-18 05:00:00,6.56,385.51,24.39
2023-02-18 06:00:00,6.56,395.3,24.32
2023-02-18 07:00:00,6.61,372.91,24.31
2023-02-18 08:00:00,6.47,379.31,24.32
2023-02-18 09:00:00,6.59,376.21,24.45
2023-02-18 10:00:00,6.56,378.7,24.66
2023-02-18 11:00:00,6.57,371.34,24.8
2023-02-18 12:00:00,6.68,367.13,24.98
2023-02-18 13:00:00,6.56,420.56,25.09
2023-02-18 14:00:00,6.49,404.3,25.19
2023-02-18 15:00:00,6.75,450.59,25.26
2023-02-18 16:00:00,6.59,390.6,25.32
2023-02-18 17:00:00,6.78,398.74,25.38
2023-02-18 18:00:00,6.55,370.11,25.38
2023-02-18 19:00:00,6.57,394.55,25.38
2023-02-18 20:00:00,6.74,434.64,25.38
2023-02-18 21:00:00,6.52,399.6,25.31
2023-02-18 22:00:00,6.46,404.39,25.27
2023-02-18 23:00:00,6.57,403.57,25.22
2023-02-19 00:00:00,6.55,401.51,25.17
2023-02-19 01:00:00,6.5,392.5,25.1
2023-02-19 02:00:00,6.53,403.46,25.03
2023-02-19 03:00:00,6.58,396.94,24.96
2023-02-19 04:00:00,6.54,395.87,24.91
2023-02-19 05:00:00,6.51,388.73,24.82
2023-02-19 06:00:00,6.53,392.45,24.73
2023-02-19 07:00:00,6.56,393.06,24.69
2023-02-19 08:00:00,6.57,403.89,24.7
2023-02-19 09:00:00,6.52,394.22,24.83
2023-02-19 10:00:00,6.39,407.55,24.95
2023-02-19 11:00:00,6.48,443.88,25.09
2023-02-19 12:00:00,6.54,498.89,25.22
2023-02-19 13:00:00,6.31,377.48,25.58
2023-02-19 14:00:00,6.4,416.2,25.77
2023-02-19 15:00:00,6.83,403.32,25.91
2023-02-19 16:00:00,7.35,400.95,25.96
2023-02-19 17:00:00,7.82,401.86,25.98
2023-02-19 18:00:00,8.38,422.36,25.94
2023-02-19 19:00:00,8.73,435.28,25.89
2023-02-19 20:00:00,9.11,416.56,25.84
2023-02-19 21:00:00,9.35,405.71,25.77
2023-02-19 22:00:00,9.54,399.11,25.69
2023-02-19 23:00:00,9.69,396.4,25.58
2023-02-20 00:00:00,9.85,399.35,25.47
2023-02-20 01:00:00,9.93,389.1,25.31
2023-02-20 02:00:00,10.03,391.6,25.17
2023-02-20 03:00:00,10.09,400.87,24.98
2023-02-20 04:00:00,10.14,384.59,24.88
2023-02-20 05:00:00,10.11,392.2,24.75
2023-02-20 06:00:00,9.3,386.22,24.63
2023-02-20 07:00:00,9.97,389.01,24.65
2023-02-20 08:00:00,9.96,390.29,24.75
2023-02-20 09:00:00,9.89,404.53,24.97
2023-02-20 10:00:00,10.29,367.5,25.34
2023-02-20 11:00:00,9.84,421.1,25.66
2023-02-20 12:00:00,9.9,399.68,25.94
2023-02-20 13:00:00,9.91,378.17,26.13
2023-02-20 14:00:00,9.66,366.83,26.24
2023-02-20 15:00:00,9.76,378.4,26.32
2023-02-20 16:00:00,9.65,405.62,26.31
2023-02-20 17:00:00,9.36,418.21,26.24
2023-02-20 18:00:00,9.22,409.93,26.12
2023-02-20 19:00:00,9.15,405.55,25.94
2023-02-20 20:00:00,9.12,404.47,25.71
2023-02-20 21:00:00,9.07,402.66,25.48
2023-02-20 22:00:00,9.13,397.02,25.28
2023-02-20 23:00:00,9.15,399.35,25.1
2023-02-21 00:00:00,9.09,389.4,24.96
2023-02-21 01:00:00,9.22,386.05,24.83
2023-02-21 02:00:00,9.11,385.35,24.72
2023-02-21 03:00:00,9.1,386.16,24.6
2023-02-21 04:00:00,9.21,386.49,24.48
2023-02-21 05:00:00,9.18,382.59,24.38
2023-02-21 06:00:00,9.16,377.04,24.27
2023-02-21 07:00:00,9.02,385.04,24.24
2023-02-21 08:00:00,8.87,396.63,24.32
2023-02-21 09:00:00,8.61,389.05,24.49
2023-02-21 10:00:00,8.55,374.0,25.1
2023-02-21 11:00:00,8.48,400.52,25.25
2023-02-21 12:00:00,8.13,440.88,25.54
2023-02-21 13:00:00,8.082857142857144,432.6114285714286,25.54285714285714
2023-02-21 14:00:00,8.035714285714286,424.3428571428572,25.545714285714286
2023-02-21 15:00:00,7.988571428571429,416.07428571428574,25.548571428571428
2023-02-21 16:00:00,7.941428571428571,407.8057142857143,25.55142857142857
2023-02-21 17:00:00,7.894285714285714,399.5371428571429,25.55428571428571
2023-02-21 18:00:00,7.847142857142857,391.2685714285714,25.557142857142857
2023-02-21 19:00:00,7.8,383.0,25.56
2023-02-21 20:00:00,7.569999999999999,396.625,25.405
2023-02-21 21:00:00,7.34,410.25,25.25
2023-02-21 22:00:00,7.5,409.0,25.15
2023-02-21 23:00:00,7.36,437.28,25.04
2023-02-22 00:00:00,7.56,390.12,24.93
2023-02-22 01:00:00,7.55,396.36,24.78
2023-02-22 02:00:00,7.75,445.77,24.67
2023-02-22 03:00:00,7.6,394.26,24.56
2023-02-22 04:00:00,7.56,403.05,24.46
2023-02-22 05:00:00,7.91,398.7,24.34
2023-02-22 06:00:00,7.82,406.97,24.27
2023-02-22 07:00:00,7.78,413.33,24.2
2023-02-22 08:00:00,7.83,394.35,24.2
2023-02-22 09:00:00,7.87,399.56,24.28
2023-02-22 10:00:00,7.82,401.34,24.42
2023-02-22 11:00:00,8.09,429.84,24.56
2023-02-22 12:00:00,8.057142857142857,430.5485714285714,24.628571428571423
2023-02-22 13:00:00,8.024285714285714,431.25714285714287,24.697142857142858
2023-02-22 14:00:00,7.991428571428571,431.9657142857143,24.765714285714285
2023-02-22 15:00:00,7.958571428571429,432.6742857142857,24.83428571428572
2023-02-22 16:00:00,7.925714285714286,433.3828571428571,24.90285714285714
2023-02-22 17:00:00,7.892857142857143,434.0914285714286,24.97142857142857
2023-02-22 18:00:00,7.86,434.8,25.04
2023-02-22 19:00:00,7.72,406.35,24.99
2023-02-22 20:00:00,7.96,396.29,24.93
2023-02-22 21:00:00,8.18,393.98,24.88
2023-02-22 22:00:00,8.24,389.11,24.76
2023-02-22 23:00:00,8.4,390.12,24.66
2023-02-23 00:00:00,8.4,401.93,24.56
2023-02-23 01:00:00,8.44,396.51,24.46
2023-02-23 02:00:00,8.55,396.72,24.35
2023-02-23 03:00:00,8.38,391.34,24.23
2023-02-23 04:00:00,8.14,404.57,24.15
2023-02-23 05:00:00,8.08,401.72,24.05
2023-02-23 06:00:00,8.32,399.69,23.99
2023-02-23 07:00:00,8.21,398.1,23.94
2023-02-23 08:00:00,8.01,395.04,23.93
2023-02-23 09:00:00,7.88,377.25,24.03
2023-02-23 10:00:00,8.72,377.0,24.06
2023-02-23 11:00:00,7.64,376.36,24.22
2023-02-23 12:00:00,7.461666666666666,386.51,24.305
2023-02-23 13:00:00,7.283333333333333,396.66,24.39
2023-02-23 14:00:00,7.105,406.81,24.475
2023-02-23 15:00:00,6.926666666666667,416.96,24.56
2023-02-23 16:00:00,6.748333333333333,427.11,24.645
2023-02-23 17:00:00,6.57,437.26,24.73
2023-02-23 18:00:00,6.48,414.97,24.74
2023-02-23 19:00:00,6.54,382.45,24.69
2023-02-23 20:00:00,6.33,402.88,24.62
2023-02-23 21:00:00,6.51,411.64,24.55
2023-02-23 22:00:00,6.34,412.1,24.5
2023-02-23 23:00:00,6.36,415.19,24.45
2023-02-24 00:00:00,6.3,417.3,24.38
2023-02-24 01:00:00,6.37,407.13,24.24
2023-02-24 02:00:00,6.34,412.48,24.09
2023-02-24 03:00:00,6.29,413.39,23.95
2023-02-24 04:00:00,6.29,397.05,23.82
2023-02-24 05:00:00,6.21,423.79,23.7
2023-02-24 06:00:00,6.39,468.86,23.5
2023-02-24 07:00:00,7.21,460.49,23.38
2023-02-24 08:00:00,8.29,457.31,23.38
2023-02-24 09:00:00,8.45,437.0,23.38
2023-02-24 10:00:00,8.894285714285713,449.2657142857143,23.397142857142857
2023-02-24 11:00:00,9.338571428571427,461.5314285714286,23.414285714285715
2023-02-24 12:00:00,9.782857142857145,473.7971428571429,23.43142857142857
2023-02-24 13:00:00,10.227142857142857,486.0628571428571,23.448571428571427
2023-02-24 14:00:00,10.67142857142857,498.3285714285714,23.465714285714284
2023-02-24 15:00:00,11.115714285714288,510.5942857142857,23.482857142857146
2023-02-24 16:00:00,11.56,522.86,23.5
2023-02-24 17:00:00,11.15,435.11,23.5
2023-02-24 18:00:00,11.11,424.08,23.46
2023-02-24 19:00:00,10.88,413.78,23.41
2023-02-24 20:00:00,10.85,422.32,23.37
2023-02-24 21:00:00,10.62,420.18,23.3
2023-02-24 22:00:00,10.69,409.95,23.25
2023-02-24 23:00:00,10.89,408.57,23.2
2023-02-25 00:00:00,11.12,427.39,23.17
2023-02-25 01:00:00,11.01,420.38,23.11
2023-02-25 02:00:00,11.06,413.36,23.02
2023-02-25 03:00:00,10.99,413.58,22.96
2023-02-25 04:00:00,11.08,417.1,22.9
2023-02-25 05:00:00,11.27,417.61,22.79
2023-02-25 06:00:00,11.16,407.27,22.66
2023-02-25 07:00:00,11.04,396.91,22.6
2023-02-25 08:00:00,11.08,409.5,22.58
2023-02-25 09:00:00,11.05,400.55,22.64
2023-02-25 10:00:00,11.21,405.8,22.73
2023-02-25 11:00:00,11.09,452.93,22.83
2023-02-25 12:00:00,11.3,423.84,22.94
2023-02-25 13:00:00,11.26,452.24,23.06
2023-02-25 14:00:00,11.14,427.74,23.16
2023-02-25 15:00:00,11.17,405.38,23.24
2023-02-25 16:00:00,11.4,403.46,23.26
2023-02-25 17:00:00,11.32,438.78,23.25
2023-02-25 18:00:00,11.17,440.46,23.23
2023-02-25 19:00:00,11.24,393.38,23.18
2023-02-25 20:00:00,11.32,448.02,23.14
2023-02-25 21:00:00,11.24,438.61,23.05
2023-02-25 22:00:00,11.14,414.84,22.97
2023-02-25 23:00:00,11.21,413.01,22.89
2023-02-26 00:00:00,11.08,409.59,22.81
2023-02-26 01:00:00,11.09,414.64,22.76
2023-02-26 02:00:00,11.14,424.88,22.68
2023-02-26 03:00:00,11.07,399.45,22.63
2023-02-26 04:00:00,11.21,405.98,22.56
2023-02-26 05:00:00,11.07,399.72,22.49
2023-02-26 06:00:00,11.08,401.61,22.44
2023-02-26 07:00:00,11.12,419.89,22.43
2023-02-26 08:00:00,11.14,419.44,22.43
2023-02-26 09:00:00,10.98,412.54,22.48
2023-02-26 10:00:00,11.03,420.15,22.65
2023-02-26 11:00:00,10.81,420.98,22.77
2023-02-26 12:00:00,10.97,430.01,22.93
2023-02-26 13:00:00,10.93,410.46,23.12
2023-02-26 14:00:00,10.64,448.35,23.21
2023-02-26 15:00:00,10.29,449.44,23.22
2023-02-26 16:00:00,10.16,422.13,23.25
2023-02-26 17:00:00,9.87,449.45,23.25
2023-02-26 18:00:00,9.0,442.45,23.25
2023-02-26 19:00:00,9.41,392.93,23.25
2023-02-26 20:00:00,8.79,455.0,23.21
2023-02-26 21:00:00,8.92,501.4,23.19
2023-02-26 22:00:00,8.38,405.58,23.14
2023-02-26 23:00:00,8.39,406.01,23.02
2023-02-27 00:00:00,8.11,395.09,22.93
2023-02-27 01:00:00,8.07,415.11,22.88
2023-02-27 02:00:00,7.88,413.64,22.79
2023-02-27 03:00:00,7.74,398.04,22.72
2023-02-27 04:00:00,7.71,382.51,22.62
2023-02-27 05:00:00,7.61,385.29,22.53
2023-02-27 06:00:00,7.75,479.67,22.36
2023-02-27 07:00:00,8.78,452.81,22.27
2023-02-27 08:00:00,9.7,450.0,22.25
2023-02-27 09:00:00,9.785,446.9,22.331
2023-02-27 10:00:00,9.87,443.8,22.412
2023-02-27 11:00:00,9.955,440.7,22.493
2023-02-27 12:00:00,10.04,437.6,22.574
2023-02-27 13:00:00,10.125,434.5,22.655
2023-02-27 14:00:00,10.21,431.4,22.736
2023-02-27 15:00:00,10.295,428.3,22.817
2023-02-27 16:00:00,10.38,425.2,22.898
2023-02-27 17:00:00,10.465,422.1,22.979
2023-02-27 18:00:00,10.55,419.0,23.06
2023-02-27 19:00:00,11.4,409.5,23.06
2023-02-27 20:00:00,11.11,427.91,23.04
2023-02-27 21:00:00,10.82,446.32,23.02
2023-02-27 22:00:00,10.53,464.73,23.0
2023-02-27 23:00:00,10.69,481.75,22.96
2023-02-28 00:00:00,10.84,505.0,22.93
2023-02-28 01:00:00,10.75,491.19,22.87
2023-02-28 02:00:00,10.76,488.09,22.79
2023-02-28 03:00:00,10.68,497.95,22.72
2023-02-28 04:00:00,10.74,413.58,22.61
2023-02-28 05:00:00,10.86,461.2,22.495
2023-02-28 06:00:00,10.98,508.82,22.38
2023-02-28 07:00:00,10.48,472.81,22.37
2023-02-28 08:00:00,10.42,461.81,22.38
2023-02-28 09:00:00,10.22,503.86,22.45
2023-02-28 10:00:00,10.5,434.67,22.94
2023-02-28 11:00:00,9.98,436.5,23.0
2023-02-28 12:00:00,9.994285714285716,435.6185714285714,23.13142857142857
2023-02-28 13:00:00,10.008571428571427,434.7371428571428,23.262857142857143
2023-02-28 14:00:00,10.022857142857143,433.8557142857143,23.394285714285715
2023-02-28 15:00:00,10.037142857142856,432.9742857142857,23.525714285714287
2023-02-28 16:00:00,10.051428571428572,432.0928571428572,23.65714285714286
2023-02-28 17:00:00,10.065714285714286,431.2114285714285,23.78857142857143
2023-02-28 18:00:00,10.08,430.33,23.92
2023-02-28 19:00:00,10.2375,426.7775,23.8475
2023-02-28 20:00:00,10.395,423.225,23.775
2023-02-28 21:00:00,10.5525,419.6725,23.7025
2023-02-28 22:00:00,10.71,416.12,23.63
2023-02-28 23:00:00,10.82,500.62,23.56
2023-03-01 00:00:00,10.705,461.31,23.405
2023-03-01 01:00:00,10.59,422.0,23.25
2023-03-01 02:00:00,10.7,428.69,23.2
2023-03-01 03:00:00,10.7,414.26,23.08
2023-03-01 04:00:00,11.02,433.35,22.96
2023-03-01 05:00:00,10.87,443.31,22.82
2023-03-01 06:00:00,10.77,408.6,22.75
2023-03-01 07:00:00,10.81,407.19,22.78
2023-03-01 08:00:00,10.53,406.25,23.02
2023-03-01 09:00:00,11.35,403.0,23.06
2023-03-01 10:00:00,11.1075,403.9,23.16875
2023-03-01 11:00:00,10.865,404.8,23.2775
2023-03-01 12:00:00,10.6225,405.7,23.38625
2023-03-01 13:00:00,10.38,406.6,23.495
2023-03-01 14:00:00,10.1375,407.5,23.60375
2023-03-01 15:00:00,9.895,408.4,23.7125
2023-03-01 16:00:00,9.6525,409.3,23.82125
2023-03-01 17:00:00,9.41,410.2,23.93
2023-03-01 18:00:00,9.55,555.31,23.82
2023-03-01 19:00:00,9.61,482.82,23.715
2023-03-01 20:00:00,9.67,410.33,23.61
2023-03-01 21:00:00,9.86,415.67,23.56
2023-03-01 22:00:00,10.16,447.4,23.44
2023-03-01 23:00:00,10.17,456.91,23.35
2023-03-02 00:00:00,10.36,477.53,23.19
2023-03-02 01:00:00,10.42,465.58,23.07
2023-03-02 02:00:00,10.43,452.67,22.97
2023-03-02 03:00:00,10.44,450.82,22.85
2023-03-02 04:00:00,10.35,451.12,22.72
2023-03-02 05:00:00,10.49,450.38,22.64
2023-03-02 06:00:00,10.46,451.07,22.53
2023-03-02 07:00:00,10.49,426.18,22.4
2023-03-02 08:00:00,10.71,430.67,22.42
2023-03-02 09:00:00,10.727777777777778,495.3733333333333,22.43555555555556
2023-03-02 10:00:00,10.745555555555557,560.0766666666667,22.45111111111111
2023-03-02 11:00:00,10.763333333333334,624.78,22.46666666666667
2023-03-02 12:00:00,10.78111111111111,689.4833333333333,22.482222222222223
2023-03-02 13:00:00,10.79888888888889,754.1866666666667,22.497777777777777
2023-03-02 14:00:00,10.816666666666666,818.89,22.51333333333333
2023-03-02 15:00:00,10.834444444444443,883.5933333333332,22.52888888888889
2023-03-02 16:00:00,10.852222222222222,948.2966666666666,22.544444444444444
2023-03-02 17:00:00,10.87,1013.0,22.56
2023-03-02 18:00:00,10.35,514.94,22.49
2023-03-02 19:00:00,10.27,484.36666666666673,22.4
2023-03-02 20:00:00,10.19,453.79333333333335,22.31
2023-03-02 21:00:00,10.11,423.22,22.22
2023-03-02 22:00:00,10.5,421.8,22.14
2023-03-02 23:00:00,10.26,421.8,22.12
2023-03-03 00:00:00,9.87,588.25,22.0
2023-03-03 01:00:00,10.0,429.83,21.97
2023-03-03 02:00:00,10.08,468.33,21.92
2023-03-03 03:00:00,10.24,529.64,21.81
2023-03-03 04:00:00,9.95,443.33,21.79
2023-03-03 05:00:00,10.02,430.3,21.7
2023-03-03 06:00:00,10.36,437.66,21.67
2023-03-03 07:00:00,10.53,431.5,21.69
2023-03-03 08:00:00,10.29,544.5,21.76
2023-03-03 09:00:00,10.114285714285714,536.7814285714286,22.1
2023-03-03 10:00:00,9.938571428571429,529.0628571428572,22.44
2023-03-03 11:00:00,9.762857142857143,521.3442857142858,22.78
2023-03-03 12:00:00,9.587142857142856,513.6257142857143,23.12
2023-03-03 13:00:00,9.411428571428573,505.9071428571429,23.46
2023-03-03 14:00:00,9.235714285714286,498.1885714285714,23.8
2023-03-03 15:00:00,9.06,490.47,24.14
2023-03-03 16:00:00,8.64,473.36,24.19
2023-03-03 17:00:00,8.43,479.88,24.24
2023-03-03 18:00:00,8.06,472.75,24.25
2023-03-03 19:00:00,7.73,476.77,24.2
2023-03-03 20:00:00,7.53,471.0,24.16
2023-03-03 21:00:00,7.32,483.41,24.12
2023-03-03 22:00:00,7.14,470.66,24.02
2023-03-03 23:00:00,7.25,480.56,23.91
2023-03-04 00:00:00,7.4,486.39,23.77
2023-03-04 01:00:00,7.52,480.76,23.65
2023-03-04 02:00:00,7.72,470.32,23.52
2023-03-04 03:00:00,7.63,465.97,23.42
2023-03-04 04:00:00,7.59,459.48,23.32
2023-03-04 05:00:00,7.51,461.6,23.22
2023-03-04 06:00:00,7.61,448.65,23.12
2023-03-04 07:00:00,7.48,443.99,23.08
2023-03-04 08:00:00,7.38,446.88,23.14
2023-03-04 09:00:00,7.22,452.88,23.23
2023-03-04 10:00:00,7.0,451.42,23.34
2023-03-04 11:00:00,6.87,448.45,23.45
2023-03-04 12:00:00,6.64,455.77,23.61
2023-03-04 13:00:00,6.42,461.02,23.76
2023-03-04 14:00:00,6.34,454.09,23.86
2023-03-04 15:00:00,6.26,467.29,23.96
2023-03-04 16:00:00,6.3,483.18,24.05
2023-03-04 17:00:00,6.23,468.74,24.12
2023-03-04 18:00:00,6.21,472.89,24.14
2023-03-04 19:00:00,6.17,471.48,24.14
2023-03-04 20:00:00,6.15,475.74,24.13
2023-03-04 21:00:00,6.1,473.9,24.13
2023-03-04 22:00:00,6.12,467.06,24.06
2023-03-04 23:00:00,6.12,478.92,23.99
2023-03-05 00:00:00,6.13,487.0,23.92
2023-03-05 01:00:00,6.12,472.87,23.83
2023-03-05 02:00:00,6.11,466.87,23.74
2023-03-05 03:00:00,6.14,462.49,23.66
2023-03-05 04:00:00,6.17,469.13,23.59
2023-03-05 05:00:00,6.27,469.08,23.51
2023-03-05 06:00:00,6.43,440.33,23.4
2023-03-05 07:00:00,7.9,433.35,23.38
2023-03-05 08:00:00,8.88,423.07,23.42
2023-03-05 09:00:00,9.45,433.01,23.57
2023-03-05 10:00:00,9.68,417.56,23.78
2023-03-05 11:00:00,9.75,432.05,24.0
2023-03-05 12:00:00,9.66,433.15,24.29
2023-03-05 13:00:00,9.65,440.5,24.61
2023-03-05 14:00:00,9.52,454.4,24.8
2023-03-05 15:00:00,9.61,465.75,24.9
2023-03-05 16:00:00,9.49,445.5,24.93
2023-03-05 17:00:00,9.4,443.81,24.88
2023-03-05 18:00:00,9.36,457.73,24.81
2023-03-05 19:00:00,9.22,453.98,24.74
2023-03-05 20:00:00,9.08,443.56,24.65
2023-03-05 21:00:00,8.84,441.45,24.53
2023-03-05 22:00:00,8.62,434.17,24.41
2023-03-05 23:00:00,8.4,432.08,24.27
2023-03-06 00:00:00,8.21,421.33,24.16
2023-03-06 01:00:00,8.12,425.93,24.04
2023-03-06 02:00:00,7.9,423.29,23.92
2023-03-06 03:00:00,7.96,428.69,23.81
2023-03-06 04:00:00,8.14,422.43,23.69
2023-03-06 05:00:00,7.89,427.14,23.58
2023-03-06 06:00:00,7.82,426.32,23.5
2023-03-06 07:00:00,7.74,446.41,23.51
2023-03-06 08:00:00,7.45,471.01,23.64
2023-03-06 09:00:00,6.77,497.32,23.87
2023-03-06 10:00:00,6.48,546.07,24.07
2023-03-06 11:00:00,6.3,575.96,24.35
2023-03-06 12:00:00,6.03,571.6,24.64
2023-03-06 13:00:00,5.85,627.7,24.94
2023-03-06 14:00:00,5.73,594.63,25.19
2023-03-06 15:00:00,5.66,583.39,25.36
2023-03-06 16:00:00,5.64,585.33,25.4
2023-03-06 17:00:00,5.59,539.1,25.44
2023-03-06 18:00:00,5.58,531.8,25.44
2023-03-06 19:00:00,5.56,586.59,25.4
2023-03-06 20:00:00,5.56,574.49,25.34
2023-03-06 21:00:00,5.57,529.1,25.26
2023-03-06 22:00:00,5.56,541.16,25.23
2023-03-06 23:00:00,5.56,515.75,25.15
2023-03-07 00:00:00,5.56,560.18,25.04
2023-03-07 01:00:00,5.55,569.06,24.95
2023-03-07 02:00:00,5.54,592.9,24.84
2023-03-07 03:00:00,5.54,498.26,24.72
2023-03-07 04:00:00,5.54,498.77,24.6
2023-03-07 05:00:00,5.54,507.0,24.5
2023-03-07 06:00:00,5.53,521.0,24.38
2023-03-07 07:00:00,5.58,545.73,24.42
2023-03-07 08:00:00,5.68,564.94,24.49
2023-03-07 09:00:00,5.72,571.54,24.75
2023-03-07 10:00:00,5.94,606.23,25.08
2023-03-07 11:00:00,5.87,563.85,25.42
2023-03-07 12:00:00,5.91,603.11,25.79
2023-03-07 13:00:00,6.0,723.31,26.13
2023-03-07 14:00:00,6.05,596.74,26.34
2023-03-07 15:00:00,6.06,617.43,26.45
2023-03-07 16:00:00,6.11,600.35,26.53
2023-03-07 17:00:00,6.04,624.32,26.59
2023-03-07 18:00:00,6.02,634.7,26.63
2023-03-07 19:00:00,5.87,627.09,26.62
2023-03-07 20:00:00,5.89,636.92,26.54
2023-03-07 21:00:00,6.08,612.36,26.43
2023-03-07 22:00:00,6.26,583.64,26.31
2023-03-07 23:00:00,6.44,577.42,26.21
2023-03-08 00:00:00,6.62,577.88,26.08
2023-03-08 01:00:00,6.74,587.46,25.96
2023-03-08 02:00:00,6.78,589.72,25.84
2023-03-08 03:00:00,6.86,590.06,25.72
2023-03-08 04:00:00,6.29,570.88,25.58
2023-03-08 05:00:00,7.03,564.41,25.47
2023-03-08 06:00:00,7.2,566.02,25.35
2023-03-08 07:00:00,7.38,550.4,25.31
2023-03-08 08:00:00,7.08,561.89,25.36
2023-03-08 09:00:00,7.07,584.2,25.57
2023-03-08 10:00:00,6.91,592.95,25.81
2023-03-08 11:00:00,6.62,626.15,26.01
2023-03-08 12:00:00,6.52,655.8,26.25
2023-03-08 13:00:00,6.63,683.95,26.51
2023-03-08 14:00:00,6.23,706.61,26.74
2023-03-08 15:00:00,6.16,697.3,26.88
2023-03-08 16:00:00,6.1,610.67,26.94
2023-03-08 17:00:00,6.04,598.97,26.94
2023-03-08 18:00:00,5.94,611.37,26.89
2023-03-08 19:00:00,5.91,604.96,26.79
2023-03-08 20:00:00,5.86,589.73,26.71
2023-03-08 21:00:00,5.83,601.79,26.63
2023-03-08 22:00:00,5.81,607.87,26.54
2023-03-08 23:00:00,5.8,609.33,26.45
2023-03-09 00:00:00,5.86,590.26,26.32
2023-03-09 01:00:00,5.96,550.46,26.16
2023-03-09 02:00:00,5.94,548.86,25.98
2023-03-09 03:00:00,5.91,547.19,25.84
2023-03-09 04:00:00,5.87,549.09,25.73
2023-03-09 05:00:00,5.85,536.43,25.62
2023-03-09 06:00:00,5.85,537.13,25.53
2023-03-09 07:00:00,5.82,536.63,25.44
2023-03-09 08:00:00,5.8,548.01,25.41
2023-03-09 09:00:00,5.82,544.54,25.44
2023-03-09 10:00:00,5.8,569.98,25.48
2023-03-09 11:00:00,5.8,639.78,25.62
2023-03-09 12:00:00,5.7,594.49,25.89
2023-03-09 13:00:00,5.69,633.61,26.01
2023-03-09 14:00:00,5.62,642.45,26.18
2023-03-09 15:00:00,5.58,651.58,26.29
2023-03-09 16:00:00,5.58,699.33,26.38
2023-03-09 17:00:00,5.57,694.57,26.44
2023-03-09 18:00:00,5.56,697.71,26.41
2023-03-09 19:00:00,5.54,701.2,26.36
2023-03-09 20:00:00,5.55,646.05,26.28
2023-03-09 21:00:00,5.56,623.52,26.22
2023-03-09 22:00:00,5.56,619.46,26.17
2023-03-09 23:00:00,5.54,601.24,26.06
2023-03-10 00:00:00,5.54,539.79,25.95
2023-03-10 01:00:00,5.52,541.0,25.63
2023-03-10 02:00:00,5.53,531.81,25.56
2023-03-10 03:00:00,5.54,582.97,25.44
2023-03-10 04:00:00,5.54,600.91,25.32
2023-03-10 05:00:00,5.55,559.03,25.19
2023-03-10 06:00:00,5.56,556.74,25.07
2023-03-10 07:00:00,5.55,598.24,24.98
2023-03-10 08:00:00,5.56,540.73,24.94
2023-03-10 09:00:00,5.56,1062.0,25.0
2023-03-10 10:00:00,5.52,533.0,25.19
2023-03-10 11:00:00,5.524,535.0,25.302
2023-03-10 12:00:00,5.528,537.0,25.414
2023-03-10 13:00:00,5.532,539.0,25.526
2023-03-10 14:00:00,5.536,541.0,25.638
2023-03-10 15:00:00,5.54,543.0,25.75
2023-03-10 16:00:00,5.67,504.0,25.47
2023-03-10 17:00:00,5.8,465.0,25.19
2023-03-10 18:00:00,5.6,547.69,25.18
2023-03-10 19:00:00,5.58,467.36,25.12
2023-03-10 20:00:00,5.57,541.95,25.03
2023-03-10 21:00:00,5.53,640.0,24.92
2023-03-10 22:00:00,5.58,565.48,24.82
2023-03-10 23:00:00,5.57,488.19,24.73
2023-03-11 00:00:00,5.56,557.82,24.62
2023-03-11 01:00:00,5.57,518.27,24.52
2023-03-11 02:00:00,5.6,546.26,24.41
2023-03-11 03:00:00,5.62,536.98,24.31
2023-03-11 04:00:00,5.67,514.17,24.2
2023-03-11 05:00:00,5.67,497.56,24.07
2023-03-11 06:00:00,5.67,468.1,23.95
2023-03-11 07:00:00,5.66,530.48,23.88
2023-03-11 08:00:00,5.8,431.83,23.88
2023-03-11 09:00:00,5.73,438.88,24.04
2023-03-11 10:00:00,12.86,607.0,24.25
2023-03-11 11:00:00,13.14,563.92,24.25
2023-03-11 12:00:00,5.93,540.0,24.44
2023-03-11 13:00:00,5.85,507.33,24.5
2023-03-11 14:00:00,5.65,416.83,24.72
2023-03-11 15:00:00,5.72,438.0,24.88
2023-03-11 16:00:00,5.56,440.5,24.88
2023-03-11 17:00:00,5.56,439.52941176470586,24.85941176470588
2023-03-11 18:00:00,5.56,438.55882352941177,24.83882352941177
2023-03-11 19:00:00,5.56,437.5882352941176,24.818235294117645
2023-03-11 20:00:00,5.56,436.61764705882354,24.79764705882353
2023-03-11 21:00:00,5.56,435.6470588235294,24.77705882352941
2023-03-11 22:00:00,5.56,434.6764705882353,24.75647058823529
2023-03-11 23:00:00,5.56,433.7058823529412,24.73588235294117
2023-03-12 00:00:00,5.56,432.7352941176471,24.71529411764706
2023-03-12 01:00:00,5.56,431.7647058823529,24.69470588235294
2023-03-12 02:00:00,5.56,430.7941176470589,24.674117647058825
2023-03-12 03:00:00,5.56,429.8235294117647,24.653529411764705
2023-03-12 04:00:00,5.56,428.8529411764706,24.632941176470588
2023-03-12 05:00:00,5.56,427.88235294117646,24.61235294117647
2023-03-12 06:00:00,5.56,426.9117647058824,24.591764705882355
2023-03-12 07:00:00,5.56,425.9411764705882,24.571176470588235
2023-03-12 08:00:00,5.56,424.9705882352941,24.55058823529412
2023-03-12 09:00:00,5.56,424.0,24.53
2023-03-12 10:00:00,5.58,419.0,24.66
2023-03-12 11:00:00,5.58,434.422,24.706666666666667
2023-03-12 12:00:00,5.58,449.844,24.75333333333333
2023-03-12 13:00:00,5.58,465.266,24.8
2023-03-12 14:00:00,5.58,480.688,24.846666666666668
2023-03-12 15:00:00,5.58,496.11,24.89333333333333
2023-03-12 16:00:00,5.58,511.532,24.94
2023-03-12 17:00:00,5.58,526.9540000000001,24.986666666666668
2023-03-12 18:00:00,5.58,542.376,25.03333333333333
2023-03-12 19:00:00,5.58,557.798,25.08
2023-03-12 20:00:00,5.58,573.22,25.126666666666665
2023-03-12 21:00:00,5.58,588.642,25.17333333333333
2023-03-12 22:00:00,5.58,604.0640000000001,25.22
2023-03-12 23:00:00,5.58,619.486,25.266666666666666
2023-03-13 00:00:00,5.58,634.908,25.313333333333333
2023-03-13 01:00:00,5.58,650.33,25.36
2023-03-13 02:00:00,5.55,434.5,25.25
2023-03-13 03:00:00,5.53,440.33,25.21
2023-03-13 04:00:00,5.61,534.57,25.11
2023-03-13 05:00:00,5.66,433.75,25.0
2023-03-13 06:00:00,5.94,439.25,24.73
2023-03-13 07:00:00,6.36,451.0,24.66
2023-03-13 08:00:00,6.72,454.6,24.65
2023-03-13 09:00:00,6.632222222222222,469.7555555555556,24.89222222222222
2023-03-13 10:00:00,6.544444444444444,484.9111111111112,25.134444444444444
2023-03-13 11:00:00,6.456666666666666,500.06666666666666,25.376666666666665
2023-03-13 12:00:00,6.368888888888889,515.2222222222223,25.61888888888889
2023-03-13 13:00:00,6.281111111111111,530.3777777777777,25.86111111111111
2023-03-13 14:00:00,6.193333333333333,545.5333333333333,26.10333333333333
2023-03-13 15:00:00,6.105555555555555,560.6888888888889,26.34555555555556
2023-03-13 16:00:00,6.017777777777777,575.8444444444444,26.587777777777777
2023-03-13 17:00:00,5.93,591.0,26.83
2023-03-13 18:00:00,5.97,473.5,27.16
2023-03-13 19:00:00,6.06,543.07,27.15
2023-03-13 20:00:00,5.95,620.49,27.06
2023-03-13 21:00:00,5.94,504.69,26.98
2023-03-13 22:00:00,5.91,546.62,26.87
2023-03-13 23:00:00,5.81,472.94,26.75
2023-03-14 00:00:00,5.8,467.07,26.62
2023-03-14 01:00:00,5.78,500.56,26.51
2023-03-14 02:00:00,5.81,546.58,26.37
2023-03-14 03:00:00,5.76,497.02,26.2
2023-03-14 04:00:00,5.73,514.74,26.04
2023-03-14 05:00:00,5.71,465.11,25.86
2023-03-14 06:00:00,5.69,504.34,25.72
2023-03-14 07:00:00,5.66,449.82,25.65
2023-03-14 08:00:00,5.67,442.55,25.62
2023-03-14 09:00:00,5.67,441.0,25.63
2023-03-14 10:00:00,5.662,442.567,25.742
2023-03-14 11:00:00,5.654,444.134,25.854
2023-03-14 12:00:00,5.646,445.701,25.966
2023-03-14 13:00:00,5.638,447.268,26.078
2023-03-14 14:00:00,5.63,448.835,26.19
2023-03-14 15:00:00,5.622,450.402,26.302
2023-03-14 16:00:00,5.614,451.969,26.414
2023-03-14 17:00:00,5.606,453.536,26.526
2023-03-14 18:00:00,5.598,455.103,26.638
2023-03-14 19:00:00,5.59,456.67,26.75
2023-03-14 20:00:00,5.61,456.67,26.63
2023-03-14 21:00:00,5.615,552.32,26.535
2023-03-14 22:00:00,5.62,647.97,26.44
2023-03-14 23:00:00,5.65,502.24,26.32
2023-03-15 00:00:00,5.62,477.76,26.22
2023-03-15 01:00:00,5.63,537.39,26.14
2023-03-15 02:00:00,5.68,448.8,25.92
2023-03-15 03:00:00,5.66,483.09,25.81
2023-03-15 04:00:00,5.67,527.02,25.71
2023-03-15 05:00:00,5.66,484.89,25.64
2023-03-15 06:00:00,5.66,461.58,25.44
2023-03-15 07:00:00,5.71,503.28,25.34
2023-03-15 08:00:00,5.76,454.6,25.32
2023-03-15 09:00:00,5.91,413.83,25.34
2023-03-15 10:00:00,5.958888888888889,452.9044444444445,25.357777777777777
2023-03-15 11:00:00,6.007777777777778,491.9788888888889,25.37555555555556
2023-03-15 12:00:00,6.056666666666667,531.0533333333333,25.39333333333333
2023-03-15 13:00:00,6.105555555555555,570.1277777777777,25.41111111111111
2023-03-15 14:00:00,6.154444444444445,609.2022222222222,25.42888888888889
2023-03-15 15:00:00,6.203333333333333,648.2766666666666,25.446666666666665
2023-03-15 16:00:00,6.252222222222222,687.3511111111111,25.46444444444445
2023-03-15 17:00:00,6.301111111111111,726.4255555555555,25.482222222222223
2023-03-15 18:00:00,6.35,765.5,25.5
2023-03-15 19:00:00,6.23,473.94,25.45
2023-03-15 20:00:00,6.09,491.38,25.37
2023-03-15 21:00:00,5.91,522.26,25.27
2023-03-15 22:00:00,5.93,458.65,25.19
2023-03-15 23:00:00,6.03,429.72,25.1
2023-03-16 00:00:00,6.1,446.92,25.0
2023-03-16 01:00:00,6.22,446.7,24.89
2023-03-16 02:00:00,6.42,445.27,24.76
2023-03-16 03:00:00,6.55,442.54,24.64
2023-03-16 04:00:00,6.78,425.81,24.51
2023-03-16 05:00:00,6.77,417.79,24.37
2023-03-16 06:00:00,6.77,432.14,24.24
2023-03-16 07:00:00,6.91,419.34,24.19
2023-03-16 08:00:00,6.56,418.21,24.26
2023-03-16 09:00:00,6.57,420.91,24.5
2023-03-16 10:00:00,7.36,423.92,24.85
2023-03-16 11:00:00,6.78,459.93,24.93
2023-03-16 12:00:00,6.65,527.67,25.29
2023-03-16 13:00:00,6.848333333333334,511.445,25.36833333333333
2023-03-16 14:00:00,7.046666666666667,495.22,25.446666666666665
2023-03-16 15:00:00,7.245,478.995,25.525
2023-03-16 16:00:00,7.443333333333333,462.77,25.60333333333333
2023-03-16 17:00:00,7.641666666666667,446.545,25.68166666666667
2023-03-16 18:00:00,7.84,430.32,25.76
2023-03-16 19:00:00,8.43,448.71,25.72
2023-03-16 20:00:00,7.84,443.47,25.68
2023-03-16 21:00:00,7.89,470.22,25.61
2023-03-16 22:00:00,7.96,434.94,25.53
2023-03-16 23:00:00,8.3,451.76,25.43
2023-03-17 00:00:00,8.68,445.29,25.31
2023-03-17 01:00:00,8.5,440.85,25.19
2023-03-17 02:00:00,7.98,435.67,25.04
2023-03-17 03:00:00,8.54,413.56,24.92
2023-03-17 04:00:00,8.46,406.56,24.78
2023-03-17 05:00:00,9.07,413.36,24.66
2023-03-17 06:00:00,8.57,420.17,24.54
2023-03-17 07:00:00,9.61,438.5,24.5
2023-03-17 08:00:00,9.54,438.49,24.53
2023-03-17 09:00:00,9.57,415.81,24.68
2023-03-17 10:00:00,9.312307692307693,415.8453846153846,24.693076923076923
2023-03-17 11:00:00,9.054615384615383,415.8807692307692,24.70615384615385
2023-03-17 12:00:00,8.796923076923077,415.91615384615386,24.71923076923077
2023-03-17 13:00:00,8.53923076923077,415.95153846153846,24.732307692307693
2023-03-17 14:00:00,8.281538461538462,415.9869230769231,24.745384615384616
2023-03-17 15:00:00,8.023846153846154,416.02230769230766,24.75846153846154
2023-03-17 16:00:00,7.766153846153847,416.0576923076923,24.771538461538466
2023-03-17 17:00:00,7.508461538461539,416.0930769230769,24.784615384615385
2023-03-17 18:00:00,7.250769230769231,416.1284615384615,24.79769230769231
2023-03-17 19:00:00,6.993076923076924,416.1638461538461,24.810769230769232
2023-03-17 20:00:00,6.735384615384616,416.1992307692308,24.823846153846155
2023-03-17 21:00:00,6.477692307692308,416.2346153846154,24.83692307692308
2023-03-17 22:00:00,6.22,416.27,24.85
2023-03-17 23:00:00,6.84,375.85,24.75
2023-03-18 00:00:00,7.17,368.45,24.64
2023-03-18 01:00:00,7.1,393.81,24.52
2023-03-18 02:00:00,10.32,367.55,24.38
2023-03-18 03:00:00,13.04,578.33,24.31
2023-03-18 04:00:00,12.32,500.3,24.14
2023-03-18 05:00:00,12.377777777777778,495.3388888888889,24.176666666666662
2023-03-18 06:00:00,12.435555555555556,490.3777777777778,24.21333333333333
2023-03-18 07:00:00,12.493333333333334,485.4166666666667,24.25
2023-03-18 08:00:00,12.551111111111112,480.4555555555556,24.28666666666667
2023-03-18 09:00:00,12.608888888888888,475.49444444444447,24.32333333333333
2023-03-18 10:00:00,12.666666666666666,470.53333333333336,24.36
2023-03-18 11:00:00,12.724444444444444,465.5722222222223,24.39666666666667
2023-03-18 12:00:00,12.782222222222222,460.6111111111112,24.433333333333334
2023-03-18 13:00:00,12.84,455.65,24.47
2023-03-18 14:00:00,12.897777777777778,450.68888888888887,24.506666666666668
2023-03-18 15:00:00,12.955555555555556,445.72777777777776,24.543333333333333
2023-03-18 16:00:00,13.013333333333334,440.76666666666665,24.58
2023-03-18 17:00:00,13.071111111111112,435.80555555555554,24.616666666666667
2023-03-18 18:00:00,13.128888888888888,430.8444444444444,24.65333333333333
2023-03-18 19:00:00,13.186666666666666,425.8833333333333,24.69
2023-03-18 20:00:00,13.244444444444444,420.9222222222222,24.726666666666667
2023-03-18 21:00:00,13.302222222222222,415.9611111111111,24.76333333333333
2023-03-18 22:00:00,13.36,411.0,24.8
2023-03-18 23:00:00,13.05,406.57,24.72
2023-03-19 00:00:00,13.12,429.98,24.63
2023-03-19 01:00:00,13.25,432.47,24.54
2023-03-19 02:00:00,12.69,423.24,24.44
2023-03-19 03:00:00,12.72,431.22,24.3
2023-03-19 04:00:00,13.09,413.12,24.18
2023-03-19 05:00:00,13.05,440.25,24.04
2023-03-19 06:00:00,12.59,430.05,23.91
2023-03-19 07:00:00,12.11,378.42,23.89
2023-03-19 08:00:00,11.89,422.82,24.07
2023-03-19 09:00:00,12.1,425.81,24.33
2023-03-19 10:00:00,11.58,414.34,25.0
2023-03-19 11:00:00,11.85,471.56,25.28
2023-03-19 12:00:00,11.88,384.43,25.64
2023-03-19 13:00:00,12.46,436.45,25.67
2023-03-19 14:00:00,11.44,429.94,25.5
2023-03-19 15:00:00,10.77,396.3,25.54
2023-03-19 16:00:00,10.27,463.82,25.56
2023-03-19 17:00:00,9.85,387.05,25.46
2023-03-19 18:00:00,9.47,364.4,25.34
2023-03-19 19:00:00,9.07,373.09,25.18
2023-03-19 20:00:00,9.21,429.3,25.05
2023-03-19 21:00:00,8.93,484.29,24.96
2023-03-19 22:00:00,8.86,461.38,24.88
2023-03-19 23:00:00,8.7,431.46,24.77
2023-03-20 00:00:00,8.57,454.99,24.67
2023-03-20 01:00:00,11.23,404.32,24.56
2023-03-20 02:00:00,12.82,395.02,24.44
2023-03-20 03:00:00,11.94,402.57,24.27
2023-03-20 04:00:00,11.05,417.82,24.11
2023-03-20 05:00:00,10.24,415.54,23.97
2023-03-20 06:00:00,9.05,431.87,23.86
2023-03-20 07:00:00,8.63,453.85,23.81
2023-03-20 08:00:00,10.47,398.5,23.88
2023-03-20 09:00:00,10.115,405.0875,24.0625
2023-03-20 10:00:00,9.76,411.675,24.245
2023-03-20 11:00:00,9.405,418.2625,24.4275
2023-03-20 12:00:00,9.05,424.85,24.61
2023-03-20 13:00:00,8.695,431.4375,24.7925
2023-03-20 14:00:00,8.34,438.025,24.975
2023-03-20 15:00:00,7.984999999999999,444.6125,25.1575
2023-03-20 16:00:00,7.63,451.2,25.34
2023-03-20 17:00:00,7.2,313.48,25.16
2023-03-20 18:00:00,7.32,335.41,25.01
2023-03-20 19:00:00,7.14,341.16,24.89
2023-03-20 20:00:00,6.94,349.49,24.76
2023-03-20 21:00:00,7.07,330.88,24.58
2023-03-20 22:00:00,7.0,341.29,24.42
2023-03-20 23:00:00,7.03,352.63,24.29
2023-03-21 00:00:00,6.99,345.6,24.18
2023-03-21 01:00:00,6.94,348.87,24.04
2023-03-21 02:00:00,6.85,344.13,23.93
2023-03-21 03:00:00,6.81,357.64,23.78
2023-03-21 04:00:00,6.73,351.09,23.67
2023-03-21 05:00:00,6.71,352.51,23.53
2023-03-21 06:00:00,6.71,356.09,23.41
2023-03-21 07:00:00,6.85,340.94,23.32
2023-03-21 08:00:00,6.91,377.69,23.43
2023-03-21 09:00:00,7.06,379.04,23.66
2023-03-21 10:00:00,6.9,450.0,24.05
2023-03-21 11:00:00,7.12,377.0,24.41
2023-03-21 12:00:00,7.25,388.0,24.54
2023-03-21 13:00:00,7.38,399.0,24.67
2023-03-21 14:00:00,7.51,410.0,24.8
2023-03-21 15:00:00,7.64,421.0,24.93
2023-03-21 16:00:00,7.77,432.0,25.06
2023-03-21 17:00:00,7.9,443.0,25.19
2023-03-21 18:00:00,8.03,454.0,25.32
2023-03-21 19:00:00,8.16,465.0,25.45
2023-03-21 20:00:00,8.29,476.0,25.58
2023-03-21 21:00:00,8.42,487.0,25.71
2023-03-21 22:00:00,9.25,569.23,25.58
2023-03-21 23:00:00,9.75,460.99,25.42
2023-03-22 00:00:00,10.07,431.16,25.29
2023-03-22 01:00:00,10.27,451.69,25.11
2023-03-22 02:00:00,10.3,397.73,24.82
2023-03-22 03:00:00,10.3,404.62,24.7
2023-03-22 04:00:00,10.46,399.12,24.58
2023-03-22 05:00:00,10.29,391.42,24.49
2023-03-22 06:00:00,10.28,354.44,24.43
2023-03-22 07:00:00,10.1,403.75,24.34
2023-03-22 08:00:00,10.43,404.28,24.39
2023-03-22 09:00:00,10.28,325.25,24.49
2023-03-22 10:00:00,10.0425,331.8025,24.65625
2023-03-22 11:00:00,9.805,338.355,24.8225
2023-03-22 12:00:00,9.5675,344.9075,24.98875
2023-03-22 13:00:00,9.33,351.46,25.155
2023-03-22 14:00:00,9.0925,358.0125,25.32125
2023-03-22 15:00:00,8.855,364.565,25.4875
2023-03-22 16:00:00,8.617500000000001,371.1175,25.65375
2023-03-22 17:00:00,8.38,377.67,25.82
2025-07-28 01:00:00,5.76,227.04,24.43
2025-07-28 01:00:00,5.31,237.32,23.3
2025-07-28 01:00:00,5.26,459.29,21.63
2025-07-28 01:00:00,6.93,166.97,27.9
2025-07-28 01:00:00,7.63,472.38,26.96
2025-07-28 02:00:00,6.01,339.34,21.95
2025-07-28 02:00:00,7.28,423.48,23.04
2025-07-28 02:00:00,6.6,181.43,20.66
2025-07-28 02:00:00,6.85,341.13,24.33
2025-07-28 02:00:00,6.57,462.52,18.08
2025-07-28 03:00:00,6.76,424.58,18.62
2025-07-28 03:00:00,5.3,473.89,27.58
2025-07-28 03:00:00,6.78,192.17,24.99
2025-07-28 03:00:00,5.55,293.99,26.89
2025-07-28 03:00:00,7.41,258.95,23.2
2025-07-28 04:00:00,6.34,375.82,19.39
2025-07-28 04:00:00,6.21,268.05,21.55
2025-07-28 11:00:00,5.8,126.84,19.27
2025-07-28 11:00:00,6.86,144.57,28.05
2025-07-28 11:00:00,5.49,163.76,27.15
2025-07-28 11:00:00,5.61,235.32,21.86
2025-07-28 11:00:00,6.91,440.72,21.69
2025-07-28 11:00:00,6.62,468.61,26.81
2025-07-29 07:00:00,6.64,339.92,19.97
2025-07-29 07:00:00,5.84,232.21,25.42
2025-07-29 07:00:00,5.58,424.75,25.12
2025-07-29 08:00:00,6.9,442.79,28.38
2025-07-29 08:00:00,6.85,161.47,29.09
2025-07-29 08:00:00,7.08,497.78,25.98
2025-07-29 08:58:57,6.71,363.81,28.87
2025-07-30 12:00:00,6.75,368.29,24.72
2025-07-31 17:00:00,5.38,305.12,19.62
2025-07-31 17:00:00,5.82,245.53,18.52
2025-07-31 17:00:00,6.51,151.54,22.86
2025-08-01 08:00:00,7.65,353.79,22.72
2025-08-01 10:00:00,6.47,328.78,22.83
2025-08-02 00:00:00,7.49,294.26,25.0
2025-08-02 00:00:00,5.03,323.73,21.11
2025-08-02 00:00:00,6.61,108.96,18.9
2025-08-02 00:00:00,5.42,224.33,26.39
2025-08-04 06:00:00,5.01,473.13,24.77
2025-08-04 06:00:00,7.78,287.18,29.9
2025-08-04 06:00:00,7.25,482.2,25.84
2025-08-04 06:00:00,7.03,427.46,27.59
2025-08-04 06:00:00,7.8,372.24,26.75
2025-08-04 06:00:00,5.03,440.04,18.64
2025-08-04 06:00:00,6.21,499.86,21.71
2025-08-04 06:00:00,5.4,307.64,21.35
2025-08-04 06:00:00,7.69,171.08,18.66
2025-08-04 06:00:00,6.52,254.16,28.59
2025-08-04 06:00:00,6.62,205.97,22.87
2025-08-04 06:00:00,5.93,460.08,25.88
2025-08-04 06:00:00,5.88,389.74,24.67
2025-08-04 06:00:00,6.84,204.74,26.48
2025-08-04 06:00:00,6.55,385.72,28.98
2025-08-04 06:00:00,7.07,456.76,20.22
2025-08-04 06:00:00,5.21,226.24,28.11
2025-08-04 06:00:00,6.2,439.86,29.16
2025-08-04 06:00:00,5.58,438.9,18.13
2025-08-04 06:00:00,5.38,168.42,20.96
2025-08-04 06:00:00,6.6,456.37,24.32
2025-08-04 06:00:00,6.69,415.23,29.86
2025-08-04 06:00:00,6.57,334.11,23.64
2025-08-04 06:00:00,6.92,146.76,21.78
2025-08-04 06:00:00,7.53,165.62,22.25
2025-08-04 06:00:00,7.93,387.31,27.7
2025-08-04 06:00:00,7.13,440.64,19.72
2025-08-04 06:00:00,6.11,407.69,29.06
2025-08-04 06:00:00,7.79,136.84,28.75
